{
    "hidden_channels": 32,
    "num_layers": 4,
    "lr": 0.005,
    "synthetic_val_tau": 0.6650708403164777,
    "synthetic_p@10": 0.49999999999999983,
    "synthetic_p@20": 0.5680000000000001,
    "synthetic_p@30": 0.6026666666666672,
    "synthetic_p@50": 0.6502,
    "real_world_avg": {
        "tau": 0.4981,
        "p@10": 0.55,
        "p@20": 0.6125,
        "p@30": 0.55,
        "p@50": 0.645
    },
    "real_world": {
        "acmeair": {
            "tau": 0.5863,
            "p@10": 0.7,
            "p@20": 0.75,
            "p@30": 0.6333,
            "p@50": 0.7
        },
        "jpetstore-6": {
            "tau": 0.474,
            "p@10": 0.6,
            "p@20": 0.75,
            "p@30": 0.6333,
            "p@50": 0.74
        },
        "sample.daytrader7": {
            "tau": 0.4387,
            "p@10": 0.3,
            "p@20": 0.4,
            "p@30": 0.4,
            "p@50": 0.56
        },
        "sample.plantsbywebsphere": {
            "tau": 0.4934,
            "p@10": 0.6,
            "p@20": 0.55,
            "p@30": 0.5333,
            "p@50": 0.58
        }
    }
}