{
    "hidden_channels": 32,
    "num_layers": 3,
    "lr": 0.001,
    "val_tau": 0.682829823016923,
    "p@10": 0.45599999999999996,
    "p@20": 0.5259999999999999,
    "p@30": 0.5680000000000002,
    "p@50": 0.6316000000000002
}