{
  "acmeair": {
    "nodes": 273,
    "edges": 537,
    "density": 0.0072317388493859085,
    "avg_weight": 2.1370577281191805,
    "max_weight": 17.999999999999996,
    "weakly_connected_components": 11,
    "strongly_connected_components": 273,
    "largest_wcc_size": 174,
    "largest_scc_size": 1,
    "is_dag": true,
    "self_loops": 0,
    "diameter": 5,
    "avg_shortest_path": 3.0444488738289817,
    "avg_clustering": 0.013540776735087637,
    "reciprocity": 0.0,
    "degree_assortativity": -0.3606408499233813,
    "num_communities": 16
  },
  "jpetstore-6": {
    "nodes": 86,
    "edges": 258,
    "density": 0.03529411764705882,
    "avg_weight": 2.5081395348837208,
    "max_weight": 50.39999999999988,
    "weakly_connected_components": 1,
    "strongly_connected_components": 86,
    "largest_wcc_size": 86,
    "largest_scc_size": 1,
    "is_dag": true,
    "self_loops": 0,
    "diameter": 4,
    "avg_shortest_path": 2.7031463748290014,
    "avg_clustering": 0.011350492655659367,
    "reciprocity": 0.0,
    "degree_assortativity": -0.419735680617982,
    "num_communities": 7
  },
  "sample.daytrader7": {
    "nodes": 288,
    "edges": 1142,
    "density": 0.013816298877274487,
    "avg_weight": 2.1525394045534147,
    "max_weight": 73.6000000000002,
    "weakly_connected_components": 2,
    "strongly_connected_components": 282,
    "largest_wcc_size": 286,
    "largest_scc_size": 4,
    "is_dag": false,
    "self_loops": 0,
    "diameter": 6,
    "avg_shortest_path": 2.9749478591583856,
    "avg_clustering": 0.00459209597689848,
    "reciprocity": 0.010507880910683012,
    "degree_assortativity": -0.2725176824972564,
    "num_communities": 10
  },
  "sample.plantsbywebsphere": {
    "nodes": 119,
    "edges": 506,
    "density": 0.03603475288420453,
    "avg_weight": 1.675098814229249,
    "max_weight": 27.300000000000043,
    "weakly_connected_components": 2,
    "strongly_connected_components": 112,
    "largest_wcc_size": 116,
    "largest_scc_size": 4,
    "is_dag": false,
    "self_loops": 0,
    "diameter": 4,
    "avg_shortest_path": 2.7043478260869565,
    "avg_clustering": 0.014324695686126413,
    "reciprocity": 0.019762845849802372,
    "degree_assortativity": -0.4347153006506773,
    "num_communities": 6
  }
}